{
  "r_centers": [
    0.002763157894736842,
    0.008289473684210525,
    0.013815789473684208,
    0.019342105263157893,
    0.024868421052631578,
    0.03039473684210526,
    0.035921052631578944,
    0.04144736842105263,
    0.04697368421052631,
    0.0525,
    0.05802631578947368,
    0.06355263157894736,
    0.06907894736842105,
    0.07460526315789473,
    0.08013157894736841,
    0.0856578947368421,
    0.09118421052631578,
    0.09671052631578947,
    0.10223684210526315,
    0.10776315789473684,
    0.11328947368421052,
    0.11881578947368421,
    0.12434210526315789,
    0.12986842105263158,
    0.13539473684210523,
    0.14092105263157895,
    0.1464473684210526,
    0.15197368421052632,
    0.15749999999999997,
    0.16302631578947369,
    0.16855263157894734,
    0.17407894736842106,
    0.1796052631578947,
    0.18513157894736842,
    0.19065789473684208,
    0.1961842105263158,
    0.20171052631578945,
    0.20723684210526316
  ],
  "z_centers": [
    0.0033962264150943396,
    0.010188679245283019,
    0.016981132075471698,
    0.023773584905660377,
    0.030566037735849056,
    0.03735849056603774,
    0.04415094339622641,
    0.0509433962264151,
    0.05773584905660377,
    0.06452830188679246,
    0.07132075471698113,
    0.07811320754716981,
    0.08490566037735849,
    0.09169811320754717,
    0.09849056603773584,
    0.10528301886792453,
    0.1120754716981132,
    0.11886792452830189,
    0.12566037735849056,
    0.13245283018867926,
    0.1392452830188679,
    0.1460377358490566,
    0.1528301886792453,
    0.15962264150943395,
    0.16641509433962265,
    0.1732075471698113,
    0.18,
    0.1867924528301887,
    0.19358490566037734,
    0.20037735849056604,
    0.20716981132075474,
    0.21396226415094338,
    0.22075471698113208,
    0.22754716981132073,
    0.23433962264150943,
    0.24113207547169813,
    0.24792452830188677,
    0.25471698113207547,
    0.2615094339622641,
    0.2683018867924528,
    0.2750943396226415,
    0.2818867924528302,
    0.28867924528301886,
    0.29547169811320756,
    0.3022641509433962,
    0.3090566037735849,
    0.3158490566037736,
    0.32264150943396225,
    0.32943396226415095,
    0.3362264150943396,
    0.3430188679245283,
    0.349811320754717,
    0.35660377358490564
  ],
  "r_faces": [
    0.0,
    0.005526315789473684,
    0.011052631578947368,
    0.01657894736842105,
    0.022105263157894735,
    0.02763157894736842,
    0.0331578947368421,
    0.038684210526315786,
    0.04421052631578947,
    0.049736842105263156,
    0.05526315789473684,
    0.060789473684210525,
    0.0663157894736842,
    0.07184210526315789,
    0.07736842105263157,
    0.08289473684210526,
    0.08842105263157894,
    0.09394736842105263,
    0.09947368421052631,
    0.105,
    0.11052631578947368,
    0.11605263157894737,
    0.12157894736842105,
    0.12710526315789472,
    0.1326315789473684,
    0.1381578947368421,
    0.14368421052631578,
    0.14921052631578946,
    0.15473684210526314,
    0.16026315789473683,
    0.16578947368421051,
    0.1713157894736842,
    0.17684210526315788,
    0.18236842105263157,
    0.18789473684210525,
    0.19342105263157894,
    0.19894736842105262,
    0.2044736842105263,
    0.21
  ],
  "z_faces": [
    0.0,
    0.006792452830188679,
    0.013584905660377358,
    0.020377358490566037,
    0.027169811320754716,
    0.033962264150943396,
    0.040754716981132075,
    0.047547169811320754,
    0.05433962264150943,
    0.06113207547169811,
    0.06792452830188679,
    0.07471698113207548,
    0.08150943396226415,
    0.08830188679245282,
    0.09509433962264151,
    0.1018867924528302,
    0.10867924528301887,
    0.11547169811320754,
    0.12226415094339622,
    0.1290566037735849,
    0.13584905660377358,
    0.14264150943396225,
    0.14943396226415095,
    0.15622641509433963,
    0.1630188679245283,
    0.16981132075471697,
    0.17660377358490564,
    0.18339622641509434,
    0.19018867924528302,
    0.1969811320754717,
    0.2037735849056604,
    0.21056603773584906,
    0.21735849056603773,
    0.2241509433962264,
    0.23094339622641508,
    0.23773584905660378,
    0.24452830188679245,
    0.2513207547169811,
    0.2581132075471698,
    0.26490566037735847,
    0.27169811320754716,
    0.27849056603773586,
    0.2852830188679245,
    0.2920754716981132,
    0.2988679245283019,
    0.30566037735849055,
    0.31245283018867925,
    0.3192452830188679,
    0.3260377358490566,
    0.3328301886792453,
    0.33962264150943394,
    0.34641509433962264,
    0.3532075471698113,
    0.36
  ],
  "dr": [
    0.005526315789473684,
    0.005526315789473684,
    0.005526315789473683,
    0.005526315789473685,
    0.005526315789473685,
    0.005526315789473681,
    0.005526315789473685,
    0.005526315789473685,
    0.005526315789473685,
    0.005526315789473685,
    0.005526315789473685,
    0.005526315789473678,
    0.005526315789473685,
    0.005526315789473685,
    0.005526315789473685,
    0.005526315789473685,
    0.005526315789473685,
    0.005526315789473685,
    0.005526315789473685,
    0.005526315789473685,
    0.005526315789473685,
    0.005526315789473685,
    0.005526315789473671,
    0.005526315789473685,
    0.005526315789473685,
    0.005526315789473685,
    0.005526315789473685,
    0.005526315789473685,
    0.005526315789473685,
    0.005526315789473685,
    0.005526315789473685,
    0.005526315789473685,
    0.005526315789473685,
    0.005526315789473685,
    0.005526315789473685,
    0.005526315789473685,
    0.005526315789473685,
    0.005526315789473685
  ],
  "dz": [
    0.006792452830188679,
    0.006792452830188679,
    0.006792452830188679,
    0.006792452830188679,
    0.006792452830188679,
    0.006792452830188679,
    0.006792452830188679,
    0.006792452830188679,
    0.006792452830188679,
    0.006792452830188679,
    0.006792452830188686,
    0.006792452830188672,
    0.006792452830188672,
    0.006792452830188686,
    0.006792452830188686,
    0.006792452830188672,
    0.006792452830188672,
    0.006792452830188686,
    0.006792452830188686,
    0.006792452830188672,
    0.006792452830188672,
    0.0067924528301887,
    0.006792452830188672,
    0.006792452830188672,
    0.006792452830188672,
    0.006792452830188672,
    0.0067924528301887,
    0.006792452830188672,
    0.006792452830188672,
    0.0067924528301887,
    0.006792452830188672,
    0.006792452830188672,
    0.006792452830188672,
    0.006792452830188672,
    0.0067924528301887,
    0.006792452830188672,
    0.006792452830188672,
    0.0067924528301887,
    0.006792452830188644,
    0.0067924528301887,
    0.0067924528301887,
    0.006792452830188644,
    0.0067924528301887,
    0.0067924528301887,
    0.006792452830188644,
    0.0067924528301887,
    0.006792452830188644,
    0.0067924528301887,
    0.0067924528301887,
    0.006792452830188644,
    0.0067924528301887,
    0.006792452830188644,
    0.0067924528301887
  ]
}